-- BATCHES
Insert into BATCH (BORDERLINE_GRADE_THRESHOLD,END_DATE,GOOD_GRADE_THRESHOLD,LOCATION,SKILL_TYPE,START_DATE,TRAINING_NAME,TRAINING_TYPE,NUMBER_OF_WEEKS,CO_TRAINER_ID,TRAINER_ID,ADDRESS_ID,GRADED_WEEKS) values (70,now(),80,'Tech Incubator at Queens College, 65-30 Kissena Blvd, CEP Hall 2, Queens, NY 11367','J2EE',now(),'1611 Nov14 Java (AP)','University',9,null,1,1,7);
Insert into BATCH (BORDERLINE_GRADE_THRESHOLD,END_DATE,GOOD_GRADE_THRESHOLD,LOCATION,SKILL_TYPE,START_DATE,TRAINING_NAME,TRAINING_TYPE,NUMBER_OF_WEEKS,CO_TRAINER_ID,TRAINER_ID,ADDRESS_ID,GRADED_WEEKS) values (70,now(),80,'Tech Incubator at Queens College, 65-30 Kissena Blvd, CEP Hall 2, Queens, NY 11367','J2EE',now(),'1702 Feb13 Java (AP)','University',7,null,1,1,7);
Insert into BATCH (BORDERLINE_GRADE_THRESHOLD,END_DATE,GOOD_GRADE_THRESHOLD,LOCATION,SKILL_TYPE,START_DATE,TRAINING_NAME,TRAINING_TYPE,NUMBER_OF_WEEKS,CO_TRAINER_ID,TRAINER_ID,ADDRESS_ID,GRADED_WEEKS) values (70,now(),80,'Revature LLC, 11730 Plaza America Drive, 2nd Floor | Reston, VA 20190','J2EE', now(),'1602 Feb08 Java','Revature',8,null,1,2,7);
Insert into BATCH (BORDERLINE_GRADE_THRESHOLD,END_DATE,GOOD_GRADE_THRESHOLD,LOCATION,SKILL_TYPE,START_DATE,TRAINING_NAME,TRAINING_TYPE,NUMBER_OF_WEEKS,CO_TRAINER_ID,TRAINER_ID,ADDRESS_ID,GRADED_WEEKS) values (70,now(),80,'Revature LLC, 11730 Plaza America Drive, 2nd Floor | Reston, VA 20190','J2EE', now(),'1604 Apr25 Java','Revature',7,null,1,2,7);
Insert into BATCH (BORDERLINE_GRADE_THRESHOLD,END_DATE,GOOD_GRADE_THRESHOLD,LOCATION,SKILL_TYPE,START_DATE,TRAINING_NAME,TRAINING_TYPE,NUMBER_OF_WEEKS,CO_TRAINER_ID,TRAINER_ID,ADDRESS_ID,GRADED_WEEKS) values (70,now(),80,'Revature LLC, 11730 Plaza America Drive, 2nd Floor | Reston, VA 20190','J2EE', now(),'1607 Jul11 Java','Revature',7,null,1,2,7);
Insert into BATCH (BORDERLINE_GRADE_THRESHOLD,END_DATE,GOOD_GRADE_THRESHOLD,LOCATION,SKILL_TYPE,START_DATE,TRAINING_NAME,TRAINING_TYPE,NUMBER_OF_WEEKS,CO_TRAINER_ID,TRAINER_ID,ADDRESS_ID,GRADED_WEEKS) values (70,'2016-01-01',80,'Revature LLC, 11730 Plaza America Drive, 2nd Floor | Reston, VA 20190','J2EE', '2016-01-01','1509 Sept11 Java (delete)','Revature',1,null,1,2,7);
INSERT INTO BATCH (BORDERLINE_GRADE_THRESHOLD,END_DATE,GOOD_GRADE_THRESHOLD,LOCATION,SKILL_TYPE,START_DATE,TRAINING_NAME,TRAINING_TYPE,NUMBER_OF_WEEKS,CO_TRAINER_ID,TRAINER_ID,ADDRESS_ID,GRADED_WEEKS) VALUES (70,now(),80,'Revature LLC, 11730 Plaza America Drive, 2nd Floor | Reston, VA 20190','J2EE',now(),'1800 Oct16 Java','Revature',7,null,20,2,7);
INSERT INTO BATCH (BORDERLINE_GRADE_THRESHOLD,END_DATE,GOOD_GRADE_THRESHOLD,LOCATION,SKILL_TYPE,START_DATE,TRAINING_NAME,TRAINING_TYPE,NUMBER_OF_WEEKS,CO_TRAINER_ID,TRAINER_ID,ADDRESS_ID,GRADED_WEEKS) VALUES (70,now(),80,'Revature LLC, 11730 Plaza America Drive, 2nd Floor | Reston, VA 20190','J2EE',now(),'1801 Oct16 Java','Revature',7,null,2,2,7);
INSERT INTO BATCH (BORDERLINE_GRADE_THRESHOLD,END_DATE,GOOD_GRADE_THRESHOLD,LOCATION,SKILL_TYPE,START_DATE,TRAINING_NAME,TRAINING_TYPE,NUMBER_OF_WEEKS,CO_TRAINER_ID,TRAINER_ID,ADDRESS_ID,GRADED_WEEKS) VALUES (70,now(),80,'Revature LLC, 11730 Plaza America Drive, 2nd Floor | Reston, VA 20190','J2EE',now(),'1802 Oct16 Java','Revature',7,null,21,2,7);
INSERT INTO BATCH (BORDERLINE_GRADE_THRESHOLD,END_DATE,GOOD_GRADE_THRESHOLD,LOCATION,SKILL_TYPE,START_DATE,TRAINING_NAME,TRAINING_TYPE,NUMBER_OF_WEEKS,CO_TRAINER_ID,TRAINER_ID,ADDRESS_ID,GRADED_WEEKS) VALUES (70,now(),80,'Revature LLC, 11730 Plaza America Drive, 2nd Floor | Reston, VA 20190','J2EE',now(),'1803 Oct16 Java','Revature',7,null,22,2,7);
INSERT INTO BATCH (BORDERLINE_GRADE_THRESHOLD,END_DATE,GOOD_GRADE_THRESHOLD,LOCATION,SKILL_TYPE,START_DATE,TRAINING_NAME,TRAINING_TYPE,NUMBER_OF_WEEKS,CO_TRAINER_ID,TRAINER_ID,ADDRESS_ID,GRADED_WEEKS) VALUES (70,now(),80,'Revature LLC, 11730 Plaza America Drive, 2nd Floor | Reston, VA 20190','J2EE',now(),'1804 OCT26 Java','Revature',7,null,23,2,7);
INSERT INTO BATCH (BORDERLINE_GRADE_THRESHOLD,END_DATE,GOOD_GRADE_THRESHOLD,LOCATION,SKILL_TYPE,START_DATE,TRAINING_NAME,TRAINING_TYPE,NUMBER_OF_WEEKS,CO_TRAINER_ID,TRAINER_ID,ADDRESS_ID,GRADED_WEEKS) VALUES (70,now(),80,'Revature LLC, 11730 Plaza America Drive, 2nd Floor | Reston, VA 20190','J2EE',now(),'1805 OCT26 Java','Revature',7,null,24,2,7);
INSERT INTO BATCH (BORDERLINE_GRADE_THRESHOLD,END_DATE,GOOD_GRADE_THRESHOLD,LOCATION,SKILL_TYPE,START_DATE,TRAINING_NAME,TRAINING_TYPE,NUMBER_OF_WEEKS,CO_TRAINER_ID,TRAINER_ID,ADDRESS_ID,GRADED_WEEKS) VALUES (70,now(),80,'Revature LLC, 11730 Plaza America Drive, 2nd Floor | Reston, VA 20190','J2EE',now(),'1806 NOV08 Java','Revature',7,null,25,2,7);

-- ADDRESS
Insert into ADDRESS (ADDRESS_ID,STREET,CITY,STATE,ZIPCODE,COMPANY,ACTIVE) values (1,'65-30 Kissena Blvd, CEP Hall 2','Queens','NY','11367','Tech Incubator at Queens College',true);
Insert into ADDRESS (ADDRESS_ID,STREET,CITY,STATE,ZIPCODE,COMPANY,ACTIVE) values (2,'11730 Plaza America Drive, 2nd Floor','Reston','VA','20190','Revature LLC',true);

insert into location (id, active, city, name, state) values (1, true, 'Reston', 'Reston HQ', 'Virginia');
insert into location (id, active, city, name, state) values (2, true, 'Tampa', 'Tampa training location', 'Florida');

insert into building (id, active, location, name) values (1, true, 1, 'Reston main');
insert into building (id, active, location, name) values (2, true, 1, 'Reston other builing');
insert into building (id, active, location, name) values (3, true, 2, 'Tampa main');
insert into building (id, active, location, name) values (4, true, 2, 'Tampa other building');

insert into room (id, active, building_id, name) values (1, true, 1, 'Room 304');
insert into room (id, active, building_id, name) values (2, true, 1, 'Room 305');
insert into room (id, active, building_id, name) values (3, true, 3, 'Room 101');

-- SKILLS

insert into skill(id, name, active) values (1, 'Java', true);
insert into skill(id, name, active) values (2, 'SQL', true);
insert into skill(id, name, active) values (3, 'Angular', false);
insert into skill(id, name, active) values (4, 'C#', true);

-- CURRICULUM

insert into curriculum(name, active, core) values ('Core Java', true, true);
insert into curriculum(name, active, core) values ('Core Java', true, true);
insert into curriculum_skill(curriculum_id, skill_id) values (1, 1);
insert into curriculum_skill(curriculum_id, skill_id) values (1, 2);
insert into curriculum_skill(curriculum_id, skill_id) values (1, 3);
insert into curriculum_skill(curriculum_id, skill_id) values (1, 4);

--

insert into unavailable(id, trainer_id, start_date, end_date) values (1, 3, '2018-04-09', '2018-04-22');
insert into unavailable(id, trainer_id, start_date, end_date) values (2, 6, '2018-04-09', '2018-04-22');
insert into unavailable(id, trainer_id, start_date, end_date) values (3, 1, '2018-04-09', '2018-04-22');
insert into unavailable(id, trainer_id, start_date, end_date) values (4, 4, '2018-04-09', '2018-04-22');
insert into unavailable(id, trainer_id, start_date, end_date) values (5, 2, '2018-04-09', '2018-04-22');

-- TRAINER

INSERT INTO TRAINER(EMAIL, FIRST_NAME, LAST_NAME, TITLE, TIER) VALUES('patrick.walsh@revature.com', 'Patrick', 'Walsh', 'Lead Trainer', 'ROLE_VP');
INSERT INTO TRAINER(EMAIL, FIRST_NAME, LAST_NAME, TITLE, TIER) VALUES('pjw6193@hotmail.com', 'Dan', 'Pickles', 'Lead Trainer', 'ROLE_VP');
INSERT INTO TRAINER(EMAIL, FIRST_NAME, LAST_NAME, TITLE, TIER) VALUES('ravi.singh@revature.com', 'Ravi', 'Singh', 'Vice President of Technology', 'ROLE_VP');
INSERT INTO TRAINER(EMAIL, FIRST_NAME, LAST_NAME, TITLE, TIER) VALUES('karan.dhirar@revature.com', 'Karan', 'Dhirar', 'Technology Manager', 'ROLE_VP');
INSERT INTO TRAINER(EMAIL, FIRST_NAME, LAST_NAME, TITLE, TIER) VALUES('brian.connolly@revature.com', 'Brian', 'Connolly', 'Senior Java Developer', 'ROLE_VP');
INSERT INTO TRAINER(EMAIL, FIRST_NAME, LAST_NAME, TITLE, TIER) VALUES('genesis.bonds@revature.com', 'Genesis', 'Bonds', 'Trainer', 'ROLE_TRAINER');
INSERT INTO TRAINER(EMAIL, FIRST_NAME, LAST_NAME, TITLE, TIER) VALUES('ankit.garg@revature.com', 'Ankit', 'Garg', 'Lead Trainer', 'ROLE_TRAINER');
INSERT INTO TRAINER(EMAIL, FIRST_NAME, LAST_NAME, TITLE, TIER) VALUES('ryan.lessley@revature.com', 'Ryan', 'Lessley', 'Senior Trainer', 'ROLE_TRAINER');
INSERT INTO TRAINER(EMAIL, FIRST_NAME, LAST_NAME, TITLE, TIER) VALUES('steven.kelsey@revature.com', 'Steven', 'Kelsey', 'Senior Trainer', 'ROLE_TRAINER');
INSERT INTO TRAINER(EMAIL, FIRST_NAME, LAST_NAME, TITLE, TIER) VALUES('emily.higgins@revature.com', 'Emily', 'Higgins', 'Trainer', 'ROLE_TRAINER');
INSERT INTO TRAINER(EMAIL, FIRST_NAME, LAST_NAME, TITLE, TIER) VALUES('taylor.kemper@revature.com', 'Taylor', 'Kemper', 'Senior Trainer', 'ROLE_TRAINER');
INSERT INTO TRAINER(EMAIL, FIRST_NAME, LAST_NAME, TITLE, TIER) VALUES('richard.orr@revature.com', 'Richard', 'Orr', 'Trainer', 'ROLE_TRAINER');
INSERT INTO TRAINER(EMAIL, FIRST_NAME, LAST_NAME, TITLE, TIER) VALUES('nickolas.jurczak@revature.com', 'Nickolas', 'Jurczak', 'Trainer', 'ROLE_TRAINER');
INSERT INTO TRAINER(EMAIL, FIRST_NAME, LAST_NAME, TITLE, TIER) VALUES('august.duet@revature.com', 'August', 'Duet', 'Trainer', 'ROLE_TRAINER');
INSERT INTO TRAINER(EMAIL, FIRST_NAME, LAST_NAME, TITLE, TIER) VALUES('yuvarajd@revature.com', 'Yuvaraj', 'Damodaran', 'Lead Trainer', 'ROLE_TRAINER');
INSERT INTO TRAINER(EMAIL, FIRST_NAME, LAST_NAME, TITLE, TIER) VALUES('fred.belotte@revature.com', 'Fred', 'Belotte', 'Senior Trainer', 'ROLE_TRAINER');
INSERT INTO TRAINER(EMAIL, FIRST_NAME, LAST_NAME, TITLE, TIER) VALUES('mehrab.rahman@revature.com', 'Mehrab', 'Rahman', 'Trainer', 'ROLE_TRAINER');
INSERT INTO TRAINER(EMAIL, FIRST_NAME, LAST_NAME, TITLE, TIER) VALUES('peter.alagna@revature.com', 'Peter', 'Alagna', 'Trainer', 'ROLE_TRAINER');
INSERT INTO TRAINER(EMAIL, FIRST_NAME, LAST_NAME, TITLE, TIER) VALUES('stanleym@revature.com', 'Stanley', 'Medikonda', 'Staging Manager', 'ROLE_STAGING');
INSERT INTO TRAINER(EMAIL, FIRST_NAME, LAST_NAME, TITLE, TIER) VALUES('grawyne@gmail.com', 'Gray', 'Wynne', 'Trainer', 'ROLE_TRAINER');
INSERT INTO TRAINER(EMAIL, FIRST_NAME, LAST_NAME, TITLE, TIER) VALUES('owallace@mailinator.com', 'Orson', 'Wallace', 'Trainer', 'ROLE_TRAINER');
INSERT INTO TRAINER(EMAIL, FIRST_NAME, LAST_NAME, TITLE, TIER) VALUES('slevinson@mailinator.com', 'Shelby', 'Levinson', 'Trainer', 'ROLE_TRAINER');
INSERT INTO TRAINER(EMAIL, FIRST_NAME, LAST_NAME, TITLE, TIER) VALUES('wpayne@mailinator.com', 'Walter', 'Payne', 'Trainer', 'ROLE_TRAINER');
INSERT INTO TRAINER(EMAIL, FIRST_NAME, LAST_NAME, TITLE, TIER) VALUES('nchurch@mailinator.com', 'Natalie', 'Church', 'Trainer', 'ROLE_TRAINER');
INSERT INTO TRAINER(EMAIL, FIRST_NAME, LAST_NAME, TITLE, TIER) VALUES('aradcliff@mailinator.com', 'Archer', 'Radcliff', 'Trainer', 'ROLE_TRAINER');
--------------------------------------------------------------------------------------------------------------------MAKE PANEL ROLE
INSERT INTO TRAINER(EMAIL, FIRST_NAME, LAST_NAME, TITLE, TIER) VALUES('rajeshy@revature.com', 'Rajesh', 'Yamunachari', 'Senior Technical Manager', 'ROLE_PANEL');
INSERT INTO TRAINER(EMAIL, FIRST_NAME, LAST_NAME, TITLE, TIER) VALUES('raghavan@revature.com', 'Raghavan', 'Swaminathan', 'Senior Technical Manager', 'ROLE_PANEL');

-- TRAINER/SKILL

insert into skill_trainer(skill_id, trainer_id) values (1, 1);
insert into skill_trainer(skill_id, trainer_id) values (1, 2);
insert into skill_trainer(skill_id, trainer_id) values (1, 3);
insert into skill_trainer(skill_id, trainer_id) values (1, 4);
insert into skill_trainer(skill_id, trainer_id) values (1, 5);
insert into skill_trainer(skill_id, trainer_id) values (1, 6);
insert into skill_trainer(skill_id, trainer_id) values (1, 7);
insert into skill_trainer(skill_id, trainer_id) values (1, 8);
insert into skill_trainer(skill_id, trainer_id) values (1, 9);
insert into skill_trainer(skill_id, trainer_id) values (1, 10);
insert into skill_trainer(skill_id, trainer_id) values (1, 11);
insert into skill_trainer(skill_id, trainer_id) values (1, 12);
insert into skill_trainer(skill_id, trainer_id) values (1, 13);
insert into skill_trainer(skill_id, trainer_id) values (1, 14);
insert into skill_trainer(skill_id, trainer_id) values (1, 15);
insert into skill_trainer(skill_id, trainer_id) values (1, 16);
insert into skill_trainer(skill_id, trainer_id) values (1, 17);
insert into skill_trainer(skill_id, trainer_id) values (1, 18);
insert into skill_trainer(skill_id, trainer_id) values (1, 19);
insert into skill_trainer(skill_id, trainer_id) values (1, 20);
insert into skill_trainer(skill_id, trainer_id) values (1, 21);
insert into skill_trainer(skill_id, trainer_id) values (1, 22);
insert into skill_trainer(skill_id, trainer_id) values (1, 23);
insert into skill_trainer(skill_id, trainer_id) values (1, 24);
insert into skill_trainer(skill_id, trainer_id) values (1, 25);
insert into skill_trainer(skill_id, trainer_id) values (1, 26);

COMMIT;