-- BATCHES
Insert into BATCH (BATCH_ID,BORDERLINE_GRADE_THRESHOLD,END_DATE,GOOD_GRADE_THRESHOLD,LOCATION,SKILL_TYPE,START_DATE,TRAINING_NAME,TRAINING_TYPE,NUMBER_OF_WEEKS,CO_TRAINER_ID,TRAINER_ID,ADDRESS_ID,GRADED_WEEKS) values (2200,70,(SYSDATE+14),80,'Tech Incubator at Queens College, 65-30 Kissena Blvd, CEP Hall 2, Queens, NY 11367','J2EE',(SYSDATE-28),'1611 Nov14 Java (AP)','University',9,null,1,1,7);
Insert into BATCH (BATCH_ID,BORDERLINE_GRADE_THRESHOLD,END_DATE,GOOD_GRADE_THRESHOLD,LOCATION,SKILL_TYPE,START_DATE,TRAINING_NAME,TRAINING_TYPE,NUMBER_OF_WEEKS,CO_TRAINER_ID,TRAINER_ID,ADDRESS_ID,GRADED_WEEKS) values (2201,70,(SYSDATE+28),80,'Tech Incubator at Queens College, 65-30 Kissena Blvd, CEP Hall 2, Queens, NY 11367','J2EE',(SYSDATE-7),'1702 Feb13 Java (AP)','University',7,null,1,1,7);
Insert into BATCH (BATCH_ID,BORDERLINE_GRADE_THRESHOLD,END_DATE,GOOD_GRADE_THRESHOLD,LOCATION,SKILL_TYPE,START_DATE,TRAINING_NAME,TRAINING_TYPE,NUMBER_OF_WEEKS,CO_TRAINER_ID,TRAINER_ID,ADDRESS_ID,GRADED_WEEKS) values (2050,70,(SYSDATE-48),80,'Revature LLC, 11730 Plaza America Drive, 2nd Floor | Reston, VA 20190','J2EE', (SYSDATE-72),'1602 Feb08 Java','Revature',8,null,1,2,7);
Insert into BATCH (BATCH_ID,BORDERLINE_GRADE_THRESHOLD,END_DATE,GOOD_GRADE_THRESHOLD,LOCATION,SKILL_TYPE,START_DATE,TRAINING_NAME,TRAINING_TYPE,NUMBER_OF_WEEKS,CO_TRAINER_ID,TRAINER_ID,ADDRESS_ID,GRADED_WEEKS) values (2100,70,(SYSDATE-14),80,'Revature LLC, 11730 Plaza America Drive, 2nd Floor | Reston, VA 20190','J2EE', (SYSDATE-35),'1604 Apr25 Java','Revature',7,null,1,2,7);
Insert into BATCH (BATCH_ID,BORDERLINE_GRADE_THRESHOLD,END_DATE,GOOD_GRADE_THRESHOLD,LOCATION,SKILL_TYPE,START_DATE,TRAINING_NAME,TRAINING_TYPE,NUMBER_OF_WEEKS,CO_TRAINER_ID,TRAINER_ID,ADDRESS_ID,GRADED_WEEKS) values (2150,70,(SYSDATE+64),80,'Revature LLC, 11730 Plaza America Drive, 2nd Floor | Reston, VA 20190','J2EE', (SYSDATE+28),'1607 Jul11 Java','Revature',7,null,1,2,7);
Insert into BATCH (BATCH_ID,BORDERLINE_GRADE_THRESHOLD,END_DATE,GOOD_GRADE_THRESHOLD,LOCATION,SKILL_TYPE,START_DATE,TRAINING_NAME,TRAINING_TYPE,NUMBER_OF_WEEKS,CO_TRAINER_ID,TRAINER_ID,ADDRESS_ID,GRADED_WEEKS) values (2003,70,'2016-01-01',80,'Revature LLC, 11730 Plaza America Drive, 2nd Floor | Reston, VA 20190','J2EE', '2016-01-01','1509 Sept11 Java (delete)','Revature',1,null,1,2,7);
INSERT INTO BATCH (BATCH_ID,BORDERLINE_GRADE_THRESHOLD,END_DATE,GOOD_GRADE_THRESHOLD,LOCATION,SKILL_TYPE,START_DATE,TRAINING_NAME,TRAINING_TYPE,NUMBER_OF_WEEKS,CO_TRAINER_ID,TRAINER_ID,ADDRESS_ID,GRADED_WEEKS) VALUES (3000,70,(SYSDATE+10),80,'Revature LLC, 11730 Plaza America Drive, 2nd Floor | Reston, VA 20190','J2EE',(SYSDATE-10),'1800 Oct16 Java','Revature',7,null,20,2,7);
INSERT INTO BATCH (BATCH_ID,BORDERLINE_GRADE_THRESHOLD,END_DATE,GOOD_GRADE_THRESHOLD,LOCATION,SKILL_TYPE,START_DATE,TRAINING_NAME,TRAINING_TYPE,NUMBER_OF_WEEKS,CO_TRAINER_ID,TRAINER_ID,ADDRESS_ID,GRADED_WEEKS) VALUES (3001,70,(SYSDATE+10),80,'Revature LLC, 11730 Plaza America Drive, 2nd Floor | Reston, VA 20190','J2EE',(SYSDATE-10),'1801 Oct16 Java','Revature',7,null,2,2,7);
INSERT INTO BATCH (BATCH_ID,BORDERLINE_GRADE_THRESHOLD,END_DATE,GOOD_GRADE_THRESHOLD,LOCATION,SKILL_TYPE,START_DATE,TRAINING_NAME,TRAINING_TYPE,NUMBER_OF_WEEKS,CO_TRAINER_ID,TRAINER_ID,ADDRESS_ID,GRADED_WEEKS) VALUES (3002,70,(SYSDATE+10),80,'Revature LLC, 11730 Plaza America Drive, 2nd Floor | Reston, VA 20190','J2EE',(SYSDATE-10),'1802 Oct16 Java','Revature',7,null,21,2,7);
INSERT INTO BATCH (BATCH_ID,BORDERLINE_GRADE_THRESHOLD,END_DATE,GOOD_GRADE_THRESHOLD,LOCATION,SKILL_TYPE,START_DATE,TRAINING_NAME,TRAINING_TYPE,NUMBER_OF_WEEKS,CO_TRAINER_ID,TRAINER_ID,ADDRESS_ID,GRADED_WEEKS) VALUES (3003,70,(SYSDATE+10),80,'Revature LLC, 11730 Plaza America Drive, 2nd Floor | Reston, VA 20190','J2EE',(SYSDATE-10),'1803 Oct16 Java','Revature',7,null,22,2,7);
INSERT INTO BATCH (BATCH_ID,BORDERLINE_GRADE_THRESHOLD,END_DATE,GOOD_GRADE_THRESHOLD,LOCATION,SKILL_TYPE,START_DATE,TRAINING_NAME,TRAINING_TYPE,NUMBER_OF_WEEKS,CO_TRAINER_ID,TRAINER_ID,ADDRESS_ID,GRADED_WEEKS) VALUES (3004,70,(SYSDATE+10),80,'Revature LLC, 11730 Plaza America Drive, 2nd Floor | Reston, VA 20190','J2EE',(SYSDATE-10),'1804 OCT26 Java','Revature',7,null,23,2,7);
INSERT INTO BATCH (BATCH_ID,BORDERLINE_GRADE_THRESHOLD,END_DATE,GOOD_GRADE_THRESHOLD,LOCATION,SKILL_TYPE,START_DATE,TRAINING_NAME,TRAINING_TYPE,NUMBER_OF_WEEKS,CO_TRAINER_ID,TRAINER_ID,ADDRESS_ID,GRADED_WEEKS) VALUES (3005,70,(SYSDATE-10),80,'Revature LLC, 11730 Plaza America Drive, 2nd Floor | Reston, VA 20190','J2EE',(SYSDATE-20),'1805 OCT26 Java','Revature',7,null,24,2,7);
INSERT INTO BATCH (BATCH_ID,BORDERLINE_GRADE_THRESHOLD,END_DATE,GOOD_GRADE_THRESHOLD,LOCATION,SKILL_TYPE,START_DATE,TRAINING_NAME,TRAINING_TYPE,NUMBER_OF_WEEKS,CO_TRAINER_ID,TRAINER_ID,ADDRESS_ID,GRADED_WEEKS) VALUES (3006,70,(SYSDATE+10),80,'Revature LLC, 11730 Plaza America Drive, 2nd Floor | Reston, VA 20190','J2EE',(SYSDATE-10),'1806 NOV08 Java','Revature',7,null,25,2,7);

-- ADDRESS
Insert into ADDRESS (ADDRESS_ID,STREET,CITY,STATE,ZIPCODE,COMPANY,ACTIVE) values (1,'65-30 Kissena Blvd, CEP Hall 2','Queens','NY','11367','Tech Incubator at Queens College',true);
Insert into ADDRESS (ADDRESS_ID,STREET,CITY,STATE,ZIPCODE,COMPANY,ACTIVE) values (2,'11730 Plaza America Drive, 2nd Floor','Reston','VA','20190','Revature LLC',true);

insert into location (id, active, city, name, state) values (1, true, 'Reston', 'Reston HQ', 'Virginia');
insert into location (id, active, city, name, state) values (2, true, 'Tampa', 'Tampa training location', 'Florida');

insert into building (id, active, location, name) values (1, true, 1, 'Reston main');
insert into building (id, active, location, name) values (2, true, 1, 'Reston other builing');
insert into building (id, active, location, name) values (3, true, 2, 'Tampa main');
insert into building (id, active, location, name) values (4, true, 2, 'Tampa other building');

insert into room (id, active, building_id, name) values (1, true, 1, 'Room 304');
insert into room (id, active, building_id, name) values (2, true, 1, 'Room 305');
insert into room (id, active, building_id, name) values (3, true, 3, 'Room 101');

-- SKILLS

insert into skill(id, name, active) values (1, 'skill1', true);
insert into skill(id, name, active) values (2, 'skill2', true);
insert into skill(id, name, active) values (3, 'skill3', false);
insert into skill(id, name, active) values (4, 'skill4', true);

-- CURRICULUM

insert into curriculum(name, active, core) values ('Core Java', true, true);
insert into curriculum(name, active, core) values ('Core Java', true, true);
insert into curriculum_skill(curriculum_id, skill_id) values (1, 1);
insert into curriculum_skill(curriculum_id, skill_id) values (1, 2);
insert into curriculum_skill(curriculum_id, skill_id) values (1, 3);
insert into curriculum_skill(curriculum_id, skill_id) values (1, 4);

--

insert into unavailable(id, trainer_id, start_date, end_date) values (1, 3, '2018-04-09', '2018-04-22');
insert into unavailable(id, trainer_id, start_date, end_date) values (2, 6, '2018-04-09', '2018-04-22');
insert into unavailable(id, trainer_id, start_date, end_date) values (3, 1, '2018-04-09', '2018-04-22');
insert into unavailable(id, trainer_id, start_date, end_date) values (4, 4, '2018-04-09', '2018-04-22');
insert into unavailable(id, trainer_id, start_date, end_date) values (5, 2, '2018-04-09', '2018-04-22');

COMMIT;